timestamp,open,high,low,close
1788847200000,78552.9,78599.9,78225.8,78289.4
1788843600000,78650.1,78850,78512.2,78552.9
1788840000000,78880.1,78904.7,78650,78650.1
1788836400000,78898.9,78976.6,78690,78880.1
1788832800000,79409,79457.6,78897.2,78898.9
1788829200000,79286.9,79439.7,79227.4,79409
1788825600000,79076,79286.9,78938,79286.9
1788822000000,78916.3,79180.7,78895.3,79076
1788818400000,79129.2,79187.9,78753.6,78916.3
1788814800000,79206.9,79246.4,79129.2,79129.2
1788811200000,79325.3,79365,79131,79206.9
1788807600000,79158.6,79379.2,79110,79325.3
1788804000000,79153.5,79212.3,79056.7,79158.6
1788800400000,78989.4,79185,78974.6,79153.5
1788796800000,78782.2,78996.8,78766,78989.4
1788793200000,79152.8,79152.3,78636.5,78782.2
1788789600000,79314.5,79359.5,78913.1,79152.8
1788786000000,79567.5,79613.8,79268.6,79314.5
1788782400000,79376.8,79601.8,79364.8,79567.5
1788778800000,79325.6,79450,79238.6,79376.8
1788775200000,79278.5,79418.9,79278.5,79325.6
1788771600000,79395,79517.5,79260.1,79278.5
1788768000000,79355.3,79494.5,79355.3,79395
1788764400000,79617.2,79655.1,78955.4,79355.3
1788760800000,79717.8,79786.8,79609.6,79617.2
1788757200000,79685.9,79892.9,79620.7,79717.8
1788753600000,79560.1,79694.9,79500.8,79685.9
1788750000000,79842.8,79953.4,79535.4,79560.1
1788746400000,79886.9,80409.5,79755.1,79842.8
1788742800000,80122,80205.8,79783.8,79886.9
1788739200000,80301,80404.9,80020,80122
1788735600000,80005.3,80524.6,79964.3,80301
1788732000000,79902.7,80058,79599.6,80005.3
1788728400000,79873.2,79997,79831.4,79902.7
1788724800000,79804.8,79936.1,79737.2,79873.2
1788721200000,79912.1,79912.1,79763,79804.8
1788717600000,79708,79940,79708,79912.1
1788714000000,79649.9,79743.1,79542.6,79708
1788710400000,79677.9,79756.3,79566.5,79649.9
1788706800000,79507.4,79695.1,79341.6,79677.9
1788703200000,79794.3,79815.8,79183,79507.4
1788699600000,79881.9,79936.9,79719.8,79794.3
1788696000000,79878.4,79973.6,79814.9,79881.9
1788692400000,79964.3,79968,79844.5,79878.4
1788688800000,79851.9,79997.9,79851.9,79964.3
1788685200000,79809.7,79961.9,79765.6,79851.9
1788681600000,79766.3,79856,79715.9,79809.7
1788678000000,79737.9,79832.3,79538.7,79766.3
1788674400000,79959.9,79960,79648.9,79737.9
1788670800000,79824.2,80085.3,79753.5,79959.9
1788667200000,79991.1,79991.1,79804.9,79824.2
1788663600000,79872.1,80080.5,79850.6,79991.1
1788660000000,79914.9,79978.3,79829.9,79872.1
1788656400000,79832.8,80029,79832.7,79914.9
1788652800000,79797.7,79909,79788.2,79832.8
1788649200000,79757.6,79868.5,79670.4,79797.7
1788645600000,79872.4,79908.4,79709,79757.6
1788642000000,79702.2,79910.2,79683,79872.4
1788638400000,79720,79812,79653,79702.2
1788634800000,79959.2,79959.2,79674.4,79720
1788631200000,80030.1,80052.9,79894.6,79959.2
1788627600000,80001.4,80120.1,79925.1,80030.1
1788624000000,79760.2,80167,79712,80001.4
1788620400000,79672.2,79782.3,79637.6,79760.2
1788616800000,79573.8,79719.9,79573.8,79672.2
1788613200000,79666,79722.7,79504.4,79573.8
1788609600000,79577.5,79734.4,79572.8,79666
1788606000000,79581.3,79649,79562.7,79577.5
1788602400000,79594.7,79639.9,79551.9,79581.3
1788598800000,79617.4,79698.1,79572.5,79594.7
1788595200000,79673.1,79684.7,79524.1,79617.4
1788591600000,79603.1,79722.1,79600,79673.1
1788588000000,79540,79676.9,79534.1,79603.1
1788584400000,79460.1,79564.1,79405.2,79540
1788580800000,79543.9,79553.6,79460,79460.1
1788577200000,79530.1,79589.5,79474.3,79543.9
1788573600000,79492.1,79584.1,79435.4,79530.1
1788570000000,79542.7,79675.1,79492,79492.1
1788566400000,79616.2,79675.8,79518.3,79542.7
1788562800000,79600.4,79723.5,79549.5,79616.2
1788559200000,79584.7,79680.9,79577.5,79600.4
1788555600000,79656.3,79770.8,79472.9,79584.7
1788552000000,79757.2,79840.9,79616.8,79656.3
1788548400000,79536.5,79776.1,79576,79757.2
1788544800000,79430.1,79626.6,79430,79536.5
1788541200000,79705.3,79718.2,79348.2,79430.1
1788537600000,79384.9,79838.1,79334.1,79705.3
1788534000000,78874.1,79518.7,78755,79384.9
1788530400000,79342.9,79542.9,78618.1,78874.1
1788526800000,79423.9,79669.7,78948.2,79342.9
1788523200000,81188.1,81331.1,79129.8,79423.9
1788519600000,81150,81399.9,81041.2,81188.1
1788516000000,81018,81155.3,80790.9,81150
1788512400000,81113.7,81277.4,80880.2,81018
1788508800000,80627.9,81209.8,80470.8,81113.7
1788505200000,80763.9,80940.1,80611.8,80627.9
1788501600000,80952.8,81060.9,80538.6,80763.9
1788498000000,81040.5,81115,80818,80952.8
1788494400000,80808.8,81262.7,80775.9,81040.5
1788490800000,80800,81006.3,80755.2,80808.8
1788487200000,80935.3,80935.4,80627.3,80800
1788483600000,80936.9,81064,80720,80935.3
1788480000000,81230.6,81393.8,80921.1,80936.9
1788476400000,81109.1,81310.4,81033.7,81230.6
1788472800000,81546.9,81570,80862.9,81109.1
1788469200000,81420.2,82263.1,81245.4,81546.9
1788465600000,81715.7,81749.9,81350,81420.2
1788462000000,81226.6,81763.9,81132.5,81715.7
1788458400000,81006.9,81322.1,80866,81226.6
1788454800000,80937.2,81159.8,80851.7,81006.9
1788451200000,81316.8,81333.1,80588,80937.2
1788447600000,80508.4,81333.4,80320.7,81316.8
1788444000000,78802.6,80530.3,78665.7,80508.4
1788440400000,78616.5,78964,78413.1,78802.6
1788436800000,77909.6,78750.4,77854,78616.5
1788433200000,77707,77976,77676.7,77909.6
1788429600000,77578.1,77743.2,77436.3,77707
1788426000000,77807.6,77942.8,77577,77578.1
1788422400000,77621.6,78032,77627.4,77807.6
1788418800000,77795.4,78144.7,77559.5,77621.6
1788415200000,77777.3,77818,77653.3,77795.4
1788411600000,77748,77797.7,77055.7,77777.3
1788408000000,77665.4,77795,77508.9,77748
1788404400000,77780,77850,77596.4,77665.4
1788400800000,77321.1,77878.6,77200.1,77780
1788397200000,77026.2,77515.8,76927.3,77321.1
1788393600000,77300.1,77365.6,76939.5,77026.2
1788390000000,76996.5,77340,76964.8,77300.1
1788386400000,77252.1,77252.1,76983,76996.5
1788382800000,77364.4,77400.2,77199.7,77252.1
1788379200000,77297.4,77489.9,77171,77364.4
1788375600000,77340.9,77385,77077.7,77297.4
1788372000000,77349.9,77493.8,77251.5,77340.9
1788368400000,77131.5,77370,76914.3,77349.9
1788364800000,77249.9,77547,77131.5,77131.5
1788361200000,77023.9,77354.9,76703,77249.9
1788357600000,77112.6,77465.6,76971.5,77023.9
1788354000000,76573.3,77418.3,76573.2,77112.6
1788350400000,76788.6,77023.6,76573.2,76573.3
1788346800000,76639.2,76810.2,76324.7,76788.6
1788343200000,76716.7,76723.8,76209.2,76639.2
1788339600000,76819.7,77031,76436.5,76716.7
1788336000000,77444.8,77519.3,76706,76819.7
1788332400000,77578.2,77733.3,77435.4,77444.8
1788328800000,77618.6,77689.1,77416,77578.2
1788325200000,77525.9,77732.6,77394.6,77618.6
1788321600000,77534.3,77578.5,77265.6,77525.9
1788318000000,77299.9,77763.2,77280.6,77534.3
1788314400000,76983.1,77319,76913.4,77299.9
1788310800000,77179.6,77343.4,76682.3,76983.1
1788307200000,77400.2,77485,77093.4,77179.6
1788303600000,77240,77600.2,77176.1,77400.2
1788300000000,77180.5,77333.1,76990.8,77240
1788296400000,77415.1,77497.3,76883.6,77180.5
1788292800000,77285.1,77443.9,77200,77415.1
1788289200000,77119.9,77444.2,77072.7,77285.1
1788285600000,77239.9,77295.5,76368,77119.9
1788282000000,77559.4,77695.1,77210,77239.9
1788278400000,77877.4,77942.8,77246.7,77559.4
1788274800000,78125.6,78136.5,77687.8,77877.4
1788271200000,78038.9,78395.8,78011.8,78125.6
1788267600000,77961,78172.6,77397.6,78038.9
1788264000000,78056.4,78123.9,77696.5,77961
1788260400000,77988,78166.7,77844,78056.4
1788256800000,77875.5,78157.1,77716.6,77988
1788253200000,77850,78012.1,77747,77875.5
1788249600000,78600.3,78627.4,77777,77850
1788246000000,78705.9,78774.5,78467.7,78600.3
1788242400000,79149.9,79149.8,78705.8,78705.9
1788238800000,78696,79196,78696,79149.9
1788235200000,78653.9,78900.6,78624.3,78696
1788231600000,78420.8,78847,78353.2,78653.9
1788228000000,78375.6,78427.8,78150.5,78420.8
1788224400000,78617.9,78766.7,78331.9,78375.6
1788220800000,78549.6,78881.9,78519.6,78617.9
1788217200000,78561.6,78564.1,78362.4,78549.6
1788213600000,78929.2,78984.8,78543,78561.6
1788210000000,78834.6,79040,78695.3,78929.2
1788206400000,78869.2,79163.7,78763.2,78834.6
1788202800000,78980.4,79223.8,78822.2,78869.2
1788199200000,78865,79182.4,78740.8,78980.4
1788195600000,78604.8,79023.3,78450.2,78865
1788192000000,78543.1,78868,78468.8,78604.8
1788188400000,78548.2,78745,78175.5,78543.1
1788184800000,77834.8,78650,77711.7,78548.2
1788181200000,77899.9,78256.5,77691.7,77834.8
1788177600000,78284.7,78518.2,77668,77899.9
1788174000000,78680.6,78680.7,78264.7,78284.7
1788170400000,78480.1,78705.3,78287.6,78680.6
1788166800000,78439.1,78773.9,78359.4,78480.1
1788163200000,78168.2,78482.8,77950,78439.1
1788159600000,78049.3,78286.9,78000,78168.2
1788156000000,77984.8,78124.9,77826,78049.3
1788152400000,77586.4,78133.2,77480,77984.8
1788148800000,77727.2,77743.6,77425.7,77586.4
1788145200000,77440,77853.4,77358.3,77727.2
1788141600000,77609.9,77972.7,77350.7,77440
1788138000000,77903.8,77966.1,77524.6,77609.9
1788134400000,77639.5,78153.6,77393.5,77903.8
1788130800000,78390,78423.2,76954.2,77639.5
